SSN	PhoneNumber	Name	StreetAddress	City	State	Zipcode	AccountNumber	Birthdate	Race	Employment	Income	Education	Diagnosis1	Diagnosis2	Diagnosis3
411-34-5666	(530) 899-3990	Ava Johnson	3077 Washington Ln	Seattle	HI	96026	ACC-700494	1985-10-26	Native Hawaiian or Other Pacific Islander	Employed	50001-100000	Less than High School	O95.8	G48.4	F57.8
835-80-9065	(296) 401-5445	Joseph Lee	1290 Mesa Ln	New York	NH	74185	ACC-778893	1995-03-16	Black or African American	Employed	1-25000	College	E89.4	S79.9	D92.8
241-39-5781	(736) 407-2496	Joseph White	483 Washington Ave	Chicago	MO	64023	ACC-774334	1995-09-21	Black or African American	Unemployed	None	High School	N39.3	S6.9	P31.1
815-44-6410	(297) 376-4801	Sophia Miller	3842 Main Rd	Houston	NH	19902	ACC-343089	1990-11-25	American Indian or Alaska Native	Employed	25001-50000	Some High School	K46.4	T15.0	F54.0
675-28-1749	(562) 421-1996	Ashley Garcia	6926 Oak Blvd	Seattle	AR	91250	ACC-559956	1963-08-14	American Indian or Alaska Native	Unemployed	None	Some High School	O99.8	C46.3	S54.1
799-32-1469	(649) 848-2304	Sophia Anderson	8749 1st Ln	San Diego	WY	75662	ACC-310465	1956-07-14	White	Employed	1-25000	Less than High School	A77.6	P68.9	M58.8
285-72-8728	(846) 890-2353	James Rodriguez	4520 Oak Ln	Los Angeles	WY	78074	ACC-255110	1982-07-27	Some Other Race	Employed	50001-100000	Some College	U93.4	Y29.6	Y11.0
250-19-1073	(276) 676-5199	Charles Sanchez	4245 Seaside Rd	Los Angeles	NV	68217	ACC-936898	1972-09-16	Some Other Race	Unemployed	None	Less than High School	C60.7	X10.6	J3.5
440-78-1490	(293) 432-6932	Elizabeth Jackson	8449 6th Blvd	Chicago	HI	92514	ACC-560282	1950-10-22	Asian	Unemployed	None	Less than High School	K61.5	V84.3	U1.1
937-91-5235	(622) 244-1820	Ava Rodriguez	9319 8th Ave	Chicago	OK	79484	ACC-983176	1976-10-25	White	Employed	1-25000	Some College	X60.6	A71.3	Q32.7
468-13-5387	(509) 396-6644	Mia Harris	9642 1st Ave	Chicago	HI	34331	ACC-653963	1969-03-31	American Indian or Alaska Native	Not in the Labor Force	None	Graduate or Professional School	M64.5	O60.4	P48.3
679-67-7497	(283) 911-5504	Christopher Wilson	8271 6th Ln	Philadephia	ND	20070	ACC-216083	1950-07-10	Some Other Race	Employed	100001-250000	High School	N5.1	T34.3	F13.5
261-15-5730	(925) 552-1906	Michael Brown	6953 9th Rd	Philadephia	NM	50309	ACC-793102	1964-11-09	Native Hawaiian or Other Pacific Islander	Employed	50001-100000	Some High School	K8.1	G60.4	E51.9
120-23-3281	(646) 209-2704	Jessica Martinez	5517 2nd Blvd	San Diego	HI	27543	ACC-606893	1973-03-21	White	Employed	1-25000	Some High School	G41.5	E71.7	W64.8
215-34-1872	(304) 969-2444	David Martinez	2446 Pine Ln	New York	KS	73430	ACC-572850	1989-09-08	Native Hawaiian or Other Pacific Islander	Employed	50001-100000	Graduate or Professional School	W52.3	L38.9	Q48.4
965-95-7202	(606) 299-8146	Charles Davis	3452 3rd Rd	Phoenix	NC	63922	ACC-614977	1984-03-05	Declined to Identify	Employed	25001-50000	Less than High School	N32.6	R40.7	F68.0
760-12-7118	(285) 768-9613	Michael Lopez	4311 Oak Ave	Los Angeles	OK	58864	ACC-706970	1984-02-01	Declined to Identify	Unemployed	None	Some High School	C25.6	Q7.8	A64.5
915-23-5237	(877) 302-9414	Emily Lopez	1655 3rd St	Los Angeles	MT	83541	ACC-614492	1972-11-20	American Indian or Alaska Native	Employed	25001-50000	Graduate or Professional School	Y16.4	G28.1	W52.3
560-80-3969	(411) 494-6998	Jessica Wilson	9002 1st Blvd	Chicago	NH	30601	ACC-895377	1963-03-09	American Indian or Alaska Native	Employed	50001-100000	Some High School	A21.8	J1.4	G85.1
164-85-8156	(770) 784-3029	Evelyn Lopez	3056 Washington Ln	Phoenix	IL	18860	ACC-954031	1952-07-02	Declined to Identify	Employed	1-25000	High School	B31.5	J38.7	O40.0
454-15-3453	(517) 360-3590	Harper Davis	7024 Canyon St	Seattle	CT	17330	ACC-890378	1998-09-29	Native Hawaiian or Other Pacific Islander	Employed	25001-50000	Less than High School	U21.0	B20.9	A27.9
356-28-8578	(674) 512-6639	Matthew Thomas	8417 1st Blvd	San Jose	NJ	27609	ACC-448485	1967-07-28	Native Hawaiian or Other Pacific Islander	Employed	250000+	Some High School	W10.2	I35.6	C15.4
676-31-8186	(765) 370-8843	Sophia Martin	4942 Lexington Rd	San Diego	AZ	83358	ACC-278872	2004-03-18	White	Employed	25001-50000	Graduate or Professional School	W42.1	W20.6	M23.3
617-30-5085	(448) 483-5171	Ella Garcia	6754 3rd Blvd	Dallas	MD	22487	ACC-745191	1987-09-30	Some Other Race	Employed	25001-50000	Some High School	J54.3	G39.6	A46.3
862-87-1409	(311) 998-9485	Ava Martinez	4541 5th Blvd	New York	AK	94952	ACC-500807	1982-10-10	Native Hawaiian or Other Pacific Islander	Not in the Labor Force	None	Some College	B58.7	I12.1	W26.9
254-76-5980	(300) 975-5543	Joseph Jackson	5377 9th Ln	San Diego	GA	39091	ACC-283839	1958-05-18	Native Hawaiian or Other Pacific Islander	Employed	25001-50000	Some College	X9.1	T81.2	B55.6
606-22-4284	(428) 648-2115	Jessica White	213 Broadway St	Houston	WY	99418	ACC-359381	1975-12-03	American Indian or Alaska Native	Not in the Labor Force	None	High School	A91.7	N88.3	G87.3
917-83-1084	(921) 448-6697	Charles Miller	8001 3rd Ave	San Jose	IN	59200	ACC-946769	2003-12-22	Native Hawaiian or Other Pacific Islander	Employed	25001-50000	Less than High School	Z34.8	N9.7	J66.8
618-98-8916	(752) 785-4714	Robert Johnson	215 Washington Blvd	Seattle	WA	37501	ACC-468982	1989-01-17	American Indian or Alaska Native	Unemployed	None	High School	P92.4	G7.7	G23.0
141-18-2543	(244) 335-8069	Daniel Allen	8520 Canyon Ave	Los Angeles	NV	60448	ACC-373785	1979-12-02	Declined to Identify	Employed	250000+	Graduate or Professional School	X93.6	A37.8	T13.2
709-38-8070	(869) 316-4178	Christopher White	1297 Broadway Ave	Phoenix	IA	12487	ACC-884335	1991-07-20	White	Unemployed	None	Graduate or Professional School	F79.7	K71.9	Y50.7
763-59-8154	(649) 917-2942	Christopher Perez	5528 4th Rd	New York	KS	54110	ACC-725356	1982-09-19	Native Hawaiian or Other Pacific Islander	Not in the Labor Force	None	High School	J55.0	P3.9	M20.9
451-35-3786	(740) 771-4276	Thomas Wilson	4788 Broadway Ln	Seattle	AK	88535	ACC-642283	1960-09-01	Declined to Identify	Employed	1-25000	College	E69.4	N94.1	E25.5
744-18-6332	(368) 740-1548	Emily Young	6811 Mesa Rd	Seattle	NM	17819	ACC-584031	1964-12-01	Black or African American	Employed	250000+	College	N95.3	J67.6	H54.3
794-36-7285	(218) 925-5570	Ashley Williams	4038 Canyon St	Phoenix	PA	45393	ACC-312297	1964-05-20	Declined to Identify	Employed	1-25000	High School	W24.9	D56.3	X47.3
989-65-7280	(392) 720-6998	David Williams	7298 Maple Blvd	Dallas	IL	89183	ACC-801369	1980-04-02	American Indian or Alaska Native	Employed	100001-250000	Some High School	N62.1	D29.2	G1.9
115-23-1607	(710) 346-3967	Ashley Miller	8796 5th St	San Jose	MN	33172	ACC-397837	1983-09-19	White	Not in the Labor Force	None	Some College	A62.6	I81.0	V25.3
118-49-2710	(200) 242-5592	Ella Wright	5318 5th Ave	New York	KS	68889	ACC-565735	1962-12-14	Asian	Unemployed	None	College	B18.1	R78.5	P11.2
792-26-4699	(351) 876-7203	Chloe Martinez	1320 Broadway Ln	San Jose	TX	66885	ACC-571069	1972-02-12	White	Employed	250000+	High School	F18.9	C53.3	I55.3
443-55-6630	(475) 504-5883	Jane Jackson	5780 3rd Ln	San Antonio	MD	22581	ACC-388387	1978-09-08	Native Hawaiian or Other Pacific Islander	Not in the Labor Force	None	Less than High School	D1.3	Y66.4	T58.4
598-64-4730	(295) 576-8469	David White	8766 Pine St	Los Angeles	NJ	15796	ACC-730114	1964-08-11	White	Employed	50001-100000	High School	D75.6	Q80.4	C48.9
392-48-3445	(802) 356-4078	John Jackson	1369 Main Blvd	San Diego	WA	63344	ACC-496074	1970-04-17	American Indian or Alaska Native	Employed	100001-250000	Some College	S31.9	K27.5	Y0.3
225-29-9552	(567) 811-5372	Abigail Hall	7401 Washington Blvd	New York	TN	17426	ACC-778528	1971-05-02	Declined to Identify	Employed	100001-250000	Some High School	Z95.7	W19.5	U36.0
895-93-9628	(858) 327-3657	Harper Anderson	8088 2nd St	Phoenix	WA	55438	ACC-919197	1978-10-10	American Indian or Alaska Native	Employed	100001-250000	College	K80.8	M76.2	B21.9
740-55-8234	(563) 580-4032	Harper Rodriguez	8194 Pine Ln	Seattle	AZ	19616	ACC-280970	1985-06-03	Some Other Race	Employed	1-25000	Less than High School	G8.2	O74.9	X38.7
127-75-1101	(636) 831-7142	Jane Johnson	1509 Washington Rd	Chicago	KY	56976	ACC-180130	1985-12-01	Declined to Identify	Employed	25001-50000	Less than High School	W68.2	X98.3	M76.7
837-98-7358	(388) 295-8590	Ella Lopez	8841 8th Rd	San Jose	TN	33903	ACC-161268	1997-05-18	White	Not in the Labor Force	None	Graduate or Professional School	T5.8	M59.2	A43.2
464-65-5948	(765) 324-4422	Christopher Thompson	3297 Elm St	Phoenix	NY	15810	ACC-212548	1963-07-11	Declined to Identify	Employed	1-25000	High School	I18.2	S69.4	T22.3
392-15-1200	(784) 623-2229	David Robinson	504 4th Blvd	Seattle	SC	63793	ACC-363374	2003-07-27	Black or African American	Not in the Labor Force	None	Less than High School	K59.2	J72.4	H54.1
121-27-9696	(639) 527-9998	Jessica Miller	2819 3rd Rd	Houston	MI	96476	ACC-591338	1951-01-23	White	Not in the Labor Force	None	Some College	I60.7	Y54.1	F12.8
961-26-7003	(793) 329-4058	Thomas Lopez	2621 1st Ln	Phoenix	KY	40278	ACC-835730	1964-08-14	Black or African American	Employed	50001-100000	Less than High School	J97.3	W94.6	Z28.2
939-28-9784	(218) 626-7645	Sophia Lee	7267 1st St	Philadephia	MI	28580	ACC-364690	1956-04-21	Declined to Identify	Employed	100001-250000	College	L9.1	W87.2	H30.2
263-89-1453	(629) 566-3195	Thomas Davis	8817 3rd Ave	San Diego	TN	70743	ACC-898163	2005-01-24	Native Hawaiian or Other Pacific Islander	Employed	25001-50000	Some High School	K76.3	Z2.5	Y97.7
414-89-2337	(621) 559-4883	Joshua Lopez	6128 1st St	Seattle	MI	91615	ACC-429965	1956-03-13	American Indian or Alaska Native	Employed	100001-250000	Some High School	B15.2	P73.1	E98.8
100-88-5845	(510) 863-4976	William Williams	7372 Broadway Blvd	Phoenix	GA	67803	ACC-938235	1959-12-16	White	Employed	25001-50000	Some High School	M59.1	V33.6	R41.7
528-80-2588	(894) 711-6254	Mia Wilson	519 4th Rd	Seattle	CO	59336	ACC-236453	1959-07-28	Some Other Race	Employed	1-25000	College	R20.6	E3.4	V21.7
728-48-1826	(240) 673-5745	Joseph Miller	5167 Canyon St	Chicago	NE	54039	ACC-251710	1986-02-08	Black or African American	Employed	100001-250000	High School	T25.1	D28.8	G72.7
946-92-5919	(319) 268-5808	Sophia Perez	5451 Main St	Chicago	FL	14954	ACC-962387	1954-08-14	American Indian or Alaska Native	Employed	100001-250000	Less than High School	O34.9	S80.1	I97.4
899-55-3835	(812) 637-8595	Evelyn Martin	7244 5th Blvd	San Antonio	WI	61708	ACC-428521	1966-09-02	Some Other Race	Not in the Labor Force	None	High School	U58.4	T67.1	C89.2
329-62-2780	(293) 388-1653	John Johnson	3554 Maple Rd	Chicago	AL	69478	ACC-311067	1961-10-15	Some Other Race	Unemployed	None	Less than High School	W12.9	Z0.5	Q49.5
721-41-1022	(852) 697-9035	James Martinez	3769 Elm Rd	Philadephia	HI	81963	ACC-248358	1963-01-03	Black or African American	Unemployed	None	College	V2.6	P96.5	B96.3
317-63-3369	(899) 989-8014	Jessica Jackson	6982 5th Ln	Philadephia	RI	61198	ACC-678011	1974-08-06	Asian	Unemployed	None	Some College	N69.7	W61.5	A55.3
678-61-6885	(330) 715-9993	Emily Sanchez	2800 Lexington Blvd	San Diego	MA	52604	ACC-873889	1961-01-10	Native Hawaiian or Other Pacific Islander	Employed	250000+	Less than High School	O78.7	D7.7	E56.2
343-47-4502	(297) 643-7544	Joseph Perez	7925 Maple St	San Jose	WY	61323	ACC-107777	1981-02-28	American Indian or Alaska Native	Unemployed	None	College	Y58.9	Q20.9	U76.6
107-84-5878	(496) 352-6116	David Allen	5574 2nd Ave	Phoenix	PA	34364	ACC-420361	1959-06-28	Some Other Race	Employed	50001-100000	High School	Y44.9	L53.2	A42.1
128-52-8376	(874) 768-5869	Emily Lee	4257 3rd St	San Diego	IN	20743	ACC-493108	1986-04-03	White	Unemployed	None	High School	E13.2	U55.1	P55.9
152-10-5129	(537) 310-1725	Sarah Jones	6534 Washington Ln	San Antonio	OK	49862	ACC-936624	1967-05-15	Native Hawaiian or Other Pacific Islander	Employed	250000+	Some High School	E24.0	G73.2	L54.8
665-32-6937	(439) 806-7327	Chris Williams	4762 Washington Ln	San Jose	GA	69898	ACC-567816	1951-05-25	Black or African American	Not in the Labor Force	None	Some College	Z49.1	K18.4	N59.8
693-40-8903	(598) 756-7699	Mia Thomas	2610 Washington Rd	San Antonio	AK	86582	ACC-668706	1960-05-01	Native Hawaiian or Other Pacific Islander	Not in the Labor Force	None	Less than High School	G46.3	K34.0	Y90.9
163-36-9391	(428) 937-7782	Jessica Robinson	2902 6th St	Seattle	WV	62634	ACC-925602	1971-07-26	Native Hawaiian or Other Pacific Islander	Employed	250000+	Some College	L44.3	K70.8	U67.5
360-90-4684	(515) 983-2639	Jane Anderson	5345 Washington Rd	San Diego	DE	44160	ACC-505928	1987-08-31	Declined to Identify	Employed	100001-250000	High School	F52.6	G91.6	U18.1
502-92-5301	(245) 383-7068	Chris Jackson	4159 Canyon Ave	Houston	PA	63027	ACC-667581	1969-07-19	Native Hawaiian or Other Pacific Islander	Employed	100001-250000	High School	M56.0	R15.2	H88.3
278-75-1019	(915) 525-2667	Daniel Smith	5333 4th Ave	Dallas	NY	71854	ACC-271315	1995-01-25	Declined to Identify	Employed	50001-100000	Less than High School	Y33.1	A66.3	X71.7
349-17-8770	(470) 268-1462	Daniel Hall	9363 Elm Ln	Dallas	WY	15377	ACC-873227	1978-10-17	American Indian or Alaska Native	Employed	25001-50000	High School	V56.8	J75.2	G82.9
162-47-1500	(717) 813-5329	Ashley Allen	2996 9th Ave	Seattle	LA	50144	ACC-594899	1986-11-16	Declined to Identify	Employed	250000+	Some High School	J52.4	D54.8	Y48.2
953-27-2656	(400) 501-9618	Emily Thompson	301 Seaside Ave	San Diego	NV	48838	ACC-424810	1970-08-19	American Indian or Alaska Native	Employed	250000+	Graduate or Professional School	A39.9	D34.4	L87.5
109-77-6666	(496) 713-1450	Abigail Walker	8831 7th Ave	San Antonio	CO	97265	ACC-790785	1976-07-04	American Indian or Alaska Native	Employed	1-25000	Graduate or Professional School	D39.4	Z50.0	Y88.1
205-84-7673	(676) 494-6518	Sarah White	4247 Pine Ln	Phoenix	FL	81815	ACC-241217	1987-07-29	White	Employed	100001-250000	Some High School	C43.0	H18.2	F9.5
771-59-9461	(248) 289-9886	Harper Smith	4647 8th Ln	Dallas	FL	79490	ACC-554342	1951-12-19	White	Employed	250000+	Less than High School	Q39.7	K34.0	E32.5
468-37-8185	(669) 411-1880	Thomas Martin	3731 4th Blvd	Dallas	TN	20732	ACC-397673	2002-10-28	American Indian or Alaska Native	Employed	25001-50000	High School	K36.6	U90.2	X72.8
626-95-2309	(622) 371-4701	Evelyn Perez	3836 6th St	Philadephia	MT	63898	ACC-587365	1954-04-08	Asian	Employed	1-25000	High School	B22.5	K40.1	H79.4
161-94-9521	(921) 898-9581	Ava Clark	9308 Elm Rd	San Diego	TN	83099	ACC-139484	1963-10-22	American Indian or Alaska Native	Not in the Labor Force	None	Some High School	R73.8	E58.0	Y61.2
304-77-7022	(382) 215-4490	Michael Jackson	4314 Oak Rd	Dallas	NH	26316	ACC-783214	1986-11-26	Native Hawaiian or Other Pacific Islander	Employed	250000+	Some High School	D46.0	H20.6	D75.3
313-44-2099	(416) 243-3755	Ashley Thompson	3048 Seaside Blvd	Chicago	MS	16644	ACC-905463	1962-06-14	Declined to Identify	Employed	50001-100000	Less than High School	A12.3	I31.0	O95.9
525-68-8907	(872) 968-1717	Chloe Clark	9031 Washington St	Houston	NY	38547	ACC-949209	1973-07-16	Asian	Employed	25001-50000	Graduate or Professional School	J55.4	Q79.4	X7.9
136-18-7860	(497) 740-4494	Elizabeth Anderson	5005 9th Ave	San Antonio	NM	93949	ACC-122705	1966-11-28	Native Hawaiian or Other Pacific Islander	Unemployed	None	Some High School	U56.5	I94.4	M83.1
831-21-9775	(615) 207-1949	Ava Wright	6567 1st Blvd	San Diego	WI	40271	ACC-476260	1955-04-09	Some Other Race	Employed	250000+	Some College	D35.5	Y27.3	I52.3
437-30-8027	(678) 995-8130	Sarah Robinson	8612 Washington Rd	Chicago	MT	36696	ACC-318329	1981-03-21	White	Not in the Labor Force	None	High School	B82.6	Z89.1	H59.1
915-43-7786	(734) 274-1896	Ava Allen	5785 2nd Blvd	Houston	LA	93398	ACC-797676	1960-02-24	Black or African American	Not in the Labor Force	None	Some College	L93.9	Y50.0	S51.6
270-63-2896	(762) 805-7274	Chris Miller	5981 7th Blvd	Seattle	NY	75883	ACC-437675	1956-08-06	Native Hawaiian or Other Pacific Islander	Employed	1-25000	Graduate or Professional School	E82.3	M41.5	U77.1
636-98-1896	(835) 607-1176	Andrew Jackson	8963 Mesa St	Seattle	AR	58302	ACC-478286	1968-08-04	Native Hawaiian or Other Pacific Islander	Employed	100001-250000	College	K70.5	B14.6	D51.1
350-66-4524	(389) 731-2790	James Lewis	4815 8th Blvd	San Antonio	SD	36397	ACC-343652	1994-08-15	Some Other Race	Employed	1-25000	High School	P18.9	F64.1	L89.3
100-15-7629	(707) 734-6336	Evelyn Jackson	4162 Mesa Rd	Seattle	AZ	16599	ACC-627345	1967-12-24	Declined to Identify	Employed	1-25000	Some College	C81.6	M40.9	L63.6
328-51-5638	(785) 264-3835	Christopher Jones	4510 5th Rd	San Diego	MN	70646	ACC-536840	1961-03-13	American Indian or Alaska Native	Unemployed	None	College	C48.9	E63.2	Q82.5
651-14-2925	(386) 804-9022	Andrew Miller	9056 Oak Ave	Dallas	GA	73239	ACC-812575	1993-07-09	Declined to Identify	Not in the Labor Force	None	Less than High School	F64.2	H8.2	U39.5
382-29-4138	(304) 412-2548	Ava Perez	3461 Broadway Ln	Seattle	IA	12083	ACC-723872	1962-07-18	Black or African American	Not in the Labor Force	None	College	R78.0	O28.5	J50.7
107-50-2182	(473) 681-6032	Mia Allen	757 7th Rd	Seattle	VA	65880	ACC-122860	2001-05-11	American Indian or Alaska Native	Employed	25001-50000	Some High School	G43.2	J76.3	C51.2
275-11-2590	(746) 648-5973	Charles Thomas	6420 4th Ln	Seattle	CT	67949	ACC-277637	1979-10-04	White	Employed	100001-250000	Some High School	B19.1	L77.5	K95.7
844-33-4307	(365) 897-8282	Abigail Lee	9717 2nd Rd	New York	CT	12139	ACC-951300	1996-05-12	White	Employed	50001-100000	Some College	F11.2	I77.8	O61.9
561-30-5173	(652) 845-1076	Ella Jones	2683 Canyon Blvd	San Antonio	IN	56150	ACC-320708	1994-08-13	Asian	Employed	25001-50000	High School	Y26.2	S29.3	T24.5
999-72-4998	(855) 837-2849	Emily Jones	4932 Mesa Rd	New York	NH	99629	ACC-682518	1964-06-08	Declined to Identify	Employed	1-25000	College	O2.2	Z84.2	P9.1
587-32-8386	(488) 656-3433	Mia Miller	8766 Mesa Ln	Phoenix	WI	57067	ACC-642679	1976-06-04	White	Employed	50001-100000	High School	K70.6	S27.1	N95.0
468-73-9306	(904) 613-7349	Chris Thompson	4088 Oak Rd	San Diego	DE	70313	ACC-448519	1968-06-16	Declined to Identify	Employed	1-25000	Less than High School	F38.5	R57.8	M2.6
985-95-7176	(274) 536-9319	Michael Harris	6419 Canyon Ln	Houston	AZ	33696	ACC-261192	1951-09-29	Black or African American	Employed	1-25000	Some College	M0.6	V51.4	F61.6
126-16-3624	(925) 949-1627	Andrew Anderson	3523 Elm Ave	Dallas	AK	64976	ACC-453928	1951-01-19	American Indian or Alaska Native	Employed	50001-100000	High School	G21.5	G71.1	G41.7
133-90-2398	(737) 631-9999	Chris Allen	2901 5th Blvd	Dallas	AR	52838	ACC-500837	1963-06-11	Native Hawaiian or Other Pacific Islander	Employed	100001-250000	Some High School	Y13.4	D73.2	M97.6
727-62-8961	(762) 271-3458	Evelyn Rodriguez	6077 5th Ln	Los Angeles	WY	84725	ACC-441468	1991-11-24	Some Other Race	Employed	250000+	Graduate or Professional School	U69.3	N91.0	A61.3
825-18-5480	(247) 622-8522	Sophia Harris	8455 Pine St	New York	FL	78399	ACC-913539	2002-01-14	Native Hawaiian or Other Pacific Islander	Employed	25001-50000	Less than High School	K28.0	M79.7	I24.1
647-88-1988	(460) 598-7126	Daniel Sanchez	6568 Canyon Ave	Seattle	SC	77318	ACC-829954	1956-03-18	White	Employed	100001-250000	Some College	H21.9	I74.0	Q55.1
900-11-5816	(811) 777-5514	Charles Martinez	5824 Broadway Rd	Los Angeles	CO	23805	ACC-831489	1971-03-21	Asian	Employed	100001-250000	College	X8.1	Z68.9	X78.2
104-56-8943	(915) 648-5259	Joshua Clark	6278 3rd Ave	Philadephia	TN	57210	ACC-568432	1966-09-10	Some Other Race	Employed	100001-250000	Less than High School	S87.0	P4.3	H61.9
303-43-5916	(571) 238-9310	Andrew Rodriguez	5666 7th Rd	Dallas	GA	31835	ACC-390630	1950-10-06	Some Other Race	Employed	250000+	High School	C24.4	V30.5	L65.3
314-14-3012	(267) 224-8278	Sarah Sanchez	9944 7th Rd	Chicago	MS	15913	ACC-692268	1970-11-26	Native Hawaiian or Other Pacific Islander	Unemployed	None	Less than High School	J70.9	R32.5	J97.3
470-57-3232	(642) 626-4255	Ava Williams	9935 2nd Rd	New York	NC	21846	ACC-890063	2002-02-28	Native Hawaiian or Other Pacific Islander	Employed	25001-50000	College	W15.0	U82.3	I23.9
260-45-4037	(552) 748-8067	Matthew Brown	4290 9th St	New York	NM	95818	ACC-376428	1974-05-17	Asian	Employed	1-25000	Some College	G60.9	R78.6	E80.7
973-19-9059	(926) 354-8526	Ella Miller	2458 2nd Blvd	San Diego	NY	65439	ACC-597630	1991-04-06	American Indian or Alaska Native	Employed	1-25000	College	J43.7	H90.7	G49.8
609-73-7894	(678) 915-9645	Ashley Rodriguez	6884 8th Blvd	Houston	RI	41049	ACC-427211	1998-10-25	Some Other Race	Employed	50001-100000	Graduate or Professional School	D97.9	X21.8	L30.2
939-89-9750	(242) 571-7802	Sarah Rodriguez	5300 9th Blvd	San Antonio	NJ	44023	ACC-683562	1956-11-07	Black or African American	Not in the Labor Force	None	Some College	E63.5	N76.7	A70.8
440-19-9284	(745) 903-1117	David Wright	2708 Oak Ln	San Diego	NM	34533	ACC-329472	1960-12-11	Black or African American	Employed	100001-250000	Some College	V61.6	N24.6	K12.4
886-49-6661	(558) 471-6060	John Wilson	1984 5th Ave	New York	OK	21370	ACC-823804	1967-02-13	Asian	Employed	100001-250000	Graduate or Professional School	C49.3	I99.6	S29.3
514-89-4336	(301) 816-9107	Jessica Jones	2791 6th Blvd	Dallas	MA	59218	ACC-237576	1993-07-24	Some Other Race	Unemployed	None	College	G15.3	N47.6	V10.9
890-55-7696	(250) 688-7181	Elizabeth Davis	6540 Oak St	Los Angeles	PA	62155	ACC-321670	2000-05-22	Asian	Employed	25001-50000	Some College	P64.5	I38.7	D30.0
335-22-1878	(908) 863-9984	Abigail Wright	1490 Maple St	San Antonio	DE	67321	ACC-568522	1995-12-29	Asian	Unemployed	None	Some High School	I80.4	Z73.5	F18.9
172-51-5214	(693) 394-6785	Ava Jackson	3146 Maple Ave	Houston	OK	27188	ACC-610337	1951-10-08	Asian	Not in the Labor Force	None	Less than High School	P63.1	B68.9	M42.6
888-19-1479	(354) 273-8263	Andrew Wright	2701 Elm Blvd	San Antonio	IN	46191	ACC-746321	1992-09-27	White	Employed	50001-100000	Less than High School	Z50.4	L48.7	M57.0
737-54-2156	(731) 941-8516	Daniel Robinson	5180 4th Rd	New York	KS	90851	ACC-549587	1952-02-01	Declined to Identify	Employed	1-25000	College	O38.9	A61.6	U68.5
929-33-4017	(510) 743-5698	Sophia Clark	1062 Seaside Rd	Seattle	OR	72788	ACC-393954	1976-09-27	American Indian or Alaska Native	Employed	100001-250000	Less than High School	R66.0	M10.1	G31.9
503-17-3783	(521) 724-8928	Robert Anderson	7438 Maple Ln	Phoenix	IL	36630	ACC-912890	1952-12-07	Some Other Race	Employed	1-25000	Some High School	Y19.8	P32.7	W31.7
705-20-5034	(832) 599-3397	Mia Thompson	7657 Lexington Blvd	Houston	AZ	34757	ACC-965362	1972-11-11	Asian	Employed	50001-100000	High School	S1.4	P50.9	Y72.1
975-59-2484	(526) 876-6759	Michael Johnson	3545 3rd St	Los Angeles	AK	58185	ACC-437759	1953-07-28	Black or African American	Unemployed	None	Some High School	Y67.8	W36.8	K87.5
929-35-6190	(487) 542-5567	William Martin	1619 4th Rd	Philadephia	KY	36829	ACC-865646	1990-08-16	Declined to Identify	Employed	1-25000	Some College	K81.5	U12.2	A29.0
373-73-5705	(878) 711-9731	Matthew Thompson	3696 Pine Ave	San Antonio	FL	60453	ACC-953774	1988-05-10	Black or African American	Unemployed	None	Less than High School	P46.8	D68.7	H11.9
996-27-9969	(921) 580-3835	Abigail Lewis	643 Canyon Ln	New York	UT	78733	ACC-204950	1997-01-18	Some Other Race	Employed	100001-250000	Some High School	H67.6	S58.9	Z95.0
675-77-2676	(353) 347-1193	Thomas Williams	1930 8th Ave	San Diego	OH	32616	ACC-875985	1951-06-26	Native Hawaiian or Other Pacific Islander	Employed	1-25000	Some High School	V46.2	B28.9	Q69.0
710-29-1818	(389) 570-4077	Charles Anderson	5965 Broadway Ln	Houston	MS	29345	ACC-836778	1968-10-07	American Indian or Alaska Native	Employed	250000+	Some College	B71.2	F35.3	O91.8
293-64-3037	(692) 806-6619	Joseph Jones	7329 5th Blvd	Phoenix	ID	23353	ACC-810683	1952-04-02	White	Employed	50001-100000	Some High School	U91.8	X46.4	M53.2
378-19-3910	(422) 456-8111	Joseph Lopez	5497 7th Ln	Phoenix	MS	64060	ACC-156673	2003-11-27	American Indian or Alaska Native	Employed	1-25000	Some High School	E86.7	W39.1	Y84.8
331-96-3892	(720) 509-3495	Jane Thompson	4635 Canyon Rd	San Jose	OR	59192	ACC-127821	2001-08-18	Declined to Identify	Employed	25001-50000	Less than High School	N44.7	A1.5	K80.8
646-83-1442	(432) 556-6487	Mia Lewis	3269 Broadway Blvd	Houston	NC	71896	ACC-421349	1950-04-21	White	Unemployed	None	College	A44.3	N66.6	O2.9
896-77-5018	(588) 383-3071	Jessica Thomas	2741 Seaside Rd	New York	PA	61037	ACC-304081	1974-01-22	White	Employed	100001-250000	High School	C32.8	W28.5	Q24.0
134-31-1958	(740) 886-3033	Emily Rodriguez	3691 7th Ave	Los Angeles	GA	99531	ACC-266379	1970-08-25	Native Hawaiian or Other Pacific Islander	Employed	250000+	Some High School	P56.8	J89.1	M99.9
262-84-8502	(882) 588-5093	Ella White	2072 Maple Rd	Seattle	NM	37897	ACC-596854	1968-07-06	Black or African American	Not in the Labor Force	None	Some High School	P10.2	E11.4	W76.9
515-17-6440	(286) 940-1210	Grace Miller	4607 Pine St	Houston	CO	48835	ACC-766034	1970-03-10	Declined to Identify	Employed	250000+	Some College	B20.0	Q29.8	T10.5
311-41-5690	(634) 581-2782	Grace Harris	1217 Main Ave	San Antonio	NC	91000	ACC-294228	2000-08-01	White	Unemployed	None	College	T56.9	F96.6	O66.0
776-15-8057	(319) 427-2539	Christopher Anderson	3290 6th Ave	Los Angeles	MD	62957	ACC-896160	1973-02-25	American Indian or Alaska Native	Not in the Labor Force	None	High School	L94.3	I45.4	A52.1
294-79-2610	(729) 980-6511	Ashley Jackson	3421 3rd Ave	San Jose	ID	82141	ACC-113839	1965-03-18	Black or African American	Employed	100001-250000	Less than High School	H51.1	I51.1	S13.9
489-26-9794	(596) 671-7930	Jane Wright	9079 Lexington St	San Jose	RI	14243	ACC-859269	1964-01-02	White	Employed	25001-50000	Graduate or Professional School	X31.3	L23.2	D95.4
960-93-9862	(644) 282-7847	Robert Miller	6445 Oak Ln	Seattle	ND	39805	ACC-906332	1958-04-24	Asian	Employed	100001-250000	Some College	I63.4	Y21.2	K68.8
463-14-3004	(285) 672-4696	John Rodriguez	7526 Main Ave	Houston	AZ	96853	ACC-447800	1997-08-14	Declined to Identify	Not in the Labor Force	None	High School	R54.7	O79.8	W87.9
206-35-4929	(723) 905-6344	James Jackson	1156 Elm Ln	San Diego	LA	23207	ACC-953375	1951-06-27	American Indian or Alaska Native	Employed	100001-250000	Some High School	Q0.6	P8.0	Q81.9
696-72-3420	(515) 302-6867	Evelyn Davis	8232 Lexington St	Seattle	IL	51742	ACC-269182	1956-04-08	American Indian or Alaska Native	Employed	1-25000	Some College	J70.8	Z15.8	M52.3
624-12-5922	(574) 424-5623	Harper Perez	9865 9th Blvd	Chicago	MS	68758	ACC-559887	1998-07-15	Black or African American	Not in the Labor Force	None	College	N59.1	C81.1	J85.5
911-91-4048	(863) 487-6980	Andrew Jones	5004 Lexington Rd	San Diego	MO	37138	ACC-929209	1953-05-06	Asian	Employed	100001-250000	Some College	K19.9	U39.5	B18.6
275-35-2583	(784) 450-6389	Ava Anderson	5148 Broadway Ave	Dallas	VT	81423	ACC-719843	1967-03-26	Some Other Race	Not in the Labor Force	None	Less than High School	L93.7	Q91.2	E57.9
729-15-1732	(338) 646-8763	Andrew White	3492 Washington Ave	San Jose	CT	76177	ACC-431654	1952-06-26	Some Other Race	Employed	25001-50000	Less than High School	V53.7	N16.3	G64.9
156-98-5799	(462) 204-6838	Harper Miller	6183 Broadway Ln	Phoenix	MA	99717	ACC-307187	1966-08-01	White	Employed	100001-250000	High School	B48.6	J92.3	X36.6
141-53-1783	(917) 607-4234	Ashley Lewis	4898 Oak Blvd	San Jose	VT	98300	ACC-905033	1994-04-27	Black or African American	Employed	25001-50000	High School	N28.2	P0.4	D48.0
280-85-8352	(766) 381-7953	Elizabeth Clark	1713 Broadway Ln	Houston	MN	10602	ACC-234914	1985-02-11	Some Other Race	Unemployed	None	Some College	Z75.3	A57.6	M79.4
752-87-5646	(538) 323-2031	John Hall	6025 Elm Blvd	Dallas	SD	55486	ACC-561024	1958-10-21	Declined to Identify	Employed	1-25000	Less than High School	K62.4	G51.4	O80.9
710-79-9614	(267) 938-4738	Emily Clark	4637 8th Ave	Phoenix	KS	30132	ACC-441870	1951-02-14	Black or African American	Unemployed	None	Some High School	E92.2	D93.1	P34.1
192-35-8844	(806) 312-5066	Thomas Walker	2177 2nd Rd	Philadephia	WI	23701	ACC-107332	1959-02-03	White	Unemployed	None	Some High School	R16.8	X50.2	V78.7
912-18-6818	(511) 544-5719	Ella Clark	6263 Main Ave	Dallas	VA	15059	ACC-115577	2003-06-02	Black or African American	Employed	250000+	Less than High School	T61.3	G41.0	Q71.9
867-99-4115	(486) 602-9513	Grace Jones	5776 Canyon Ln	San Antonio	KS	17902	ACC-961713	2002-11-02	Asian	Employed	250000+	High School	V88.5	N98.5	P10.6
343-89-5261	(311) 408-6245	Chris Wright	1879 Oak Ave	Houston	AR	72457	ACC-396125	1983-06-23	Native Hawaiian or Other Pacific Islander	Employed	50001-100000	Some College	C87.3	S31.3	J6.4
754-77-1824	(521) 251-9146	Andrew Thomas	506 Mesa Rd	Philadephia	RI	50563	ACC-215890	1984-12-19	White	Employed	1-25000	Some High School	N77.3	Y42.3	O11.3
856-54-3930	(667) 386-7634	Jane Lee	6083 1st Ln	Phoenix	AL	36053	ACC-968312	1992-02-06	White	Unemployed	None	Graduate or Professional School	B47.0	G47.3	K60.4
667-35-9658	(549) 739-4057	Andrew Lewis	7673 9th Blvd	Phoenix	AZ	69524	ACC-589952	1982-12-25	Native Hawaiian or Other Pacific Islander	Employed	250000+	Graduate or Professional School	H21.7	D7.8	M57.1
999-40-9231	(800) 918-4261	John Young	945 1st Ln	Los Angeles	MO	46529	ACC-469014	2004-04-30	White	Unemployed	None	High School	W56.4	C70.3	G50.0
334-33-3443	(530) 485-6088	Chloe Wilson	468 1st Ln	Phoenix	OK	51654	ACC-527328	1998-12-15	White	Employed	100001-250000	Graduate or Professional School	B35.0	D17.7	H17.1
679-74-8796	(406) 345-2785	Elizabeth Garcia	3855 Maple St	Philadephia	NY	32016	ACC-375718	2002-06-25	American Indian or Alaska Native	Unemployed	None	Graduate or Professional School	J93.3	V37.9	E47.2
697-18-3609	(624) 680-2362	Joseph Brown	4484 Mesa St	San Antonio	MO	18286	ACC-677909	1975-03-24	Asian	Unemployed	None	Graduate or Professional School	F26.4	E52.9	H58.3
626-86-9038	(275) 820-8782	Michael Sanchez	6544 3rd Ave	Seattle	WA	98913	ACC-871539	1998-02-25	Black or African American	Unemployed	None	Less than High School	W64.3	M99.2	M19.5
727-46-8344	(837) 231-1954	Michael Martin	2161 Washington Ave	New York	NY	17542	ACC-447309	1962-08-30	Black or African American	Employed	100001-250000	Some High School	Q94.1	N16.6	Q39.7
204-54-4821	(703) 433-7892	Andrew Smith	275 6th St	Philadephia	CO	24546	ACC-619498	1951-10-13	Declined to Identify	Not in the Labor Force	None	Graduate or Professional School	H0.7	H50.1	C36.0
123-60-2885	(262) 839-2154	Ashley Perez	4770 Lexington Rd	Phoenix	IA	38707	ACC-881616	1978-03-22	White	Unemployed	None	High School	P84.6	V51.8	E20.0
297-19-2299	(483) 974-6993	Abigail Young	1804 Seaside Ave	Dallas	OH	40926	ACC-238563	1972-05-29	Black or African American	Employed	50001-100000	College	Y89.2	F35.0	E37.1
566-34-8107	(860) 285-8224	James Harris	8745 Oak Ln	San Diego	NE	71775	ACC-477808	2005-01-27	Native Hawaiian or Other Pacific Islander	Unemployed	None	Some High School	X36.9	L2.8	C57.6
519-19-6753	(222) 703-7871	Ella Walker	5178 Main Rd	Phoenix	FL	88741	ACC-301531	1985-02-23	Some Other Race	Employed	100001-250000	High School	J9.8	D34.5	N52.1
774-45-7978	(512) 680-5936	Sarah Clark	9336 4th Rd	Houston	IA	82806	ACC-209377	1965-07-14	Declined to Identify	Employed	1-25000	College	V25.9	J83.0	B82.2
121-89-3026	(214) 845-4740	James Perez	5641 Lexington Ln	New York	NY	44137	ACC-256322	1968-03-30	Native Hawaiian or Other Pacific Islander	Employed	250000+	College	Q74.0	W53.1	E92.0
824-69-5122	(708) 833-5816	Andrew Robinson	2373 Mesa Blvd	Seattle	LA	74384	ACC-784132	1960-07-15	Declined to Identify	Employed	25001-50000	Graduate or Professional School	T7.7	M59.6	R91.9
191-61-5931	(489) 312-3880	Daniel Thompson	9670 8th Blvd	Seattle	NV	85450	ACC-297084	1986-01-02	Asian	Not in the Labor Force	None	Graduate or Professional School	M17.1	G1.1	B37.6
265-47-4147	(375) 365-5828	Grace Hall	8724 Canyon Ave	Los Angeles	AK	11813	ACC-695305	1951-12-20	Declined to Identify	Employed	50001-100000	Less than High School	O73.5	S74.1	A80.1
835-76-2399	(239) 366-2074	Michael Thomas	8588 6th St	Philadephia	SC	49640	ACC-983858	2004-12-01	Native Hawaiian or Other Pacific Islander	Employed	25001-50000	Some High School	P39.7	H16.6	X78.1
656-64-8354	(352) 619-9556	Harper Lewis	6480 Pine Blvd	San Jose	SC	60310	ACC-308597	1987-08-31	Native Hawaiian or Other Pacific Islander	Not in the Labor Force	None	Some College	H53.0	Y32.5	Y2.6
427-11-5227	(888) 425-6867	Sophia Rodriguez	3248 2nd Rd	New York	CA	61271	ACC-229086	2001-06-08	Declined to Identify	Employed	100001-250000	High School	X80.8	G33.0	T7.4
343-49-4342	(464) 875-1954	Ella Allen	5714 8th Ave	Houston	OH	87270	ACC-199571	1987-12-31	White	Not in the Labor Force	None	Graduate or Professional School	K55.5	A68.7	F76.6
332-91-2299	(482) 574-5434	Ashley Clark	9452 Broadway Ln	Philadephia	AL	37270	ACC-882180	1954-01-21	Black or African American	Not in the Labor Force	None	Graduate or Professional School	J55.2	Z66.9	W92.5
813-35-2449	(698) 881-6271	Charles Walker	1881 Lexington Ave	San Jose	ME	70573	ACC-242639	1977-10-04	American Indian or Alaska Native	Employed	250000+	High School	K46.2	E51.6	R48.0
267-58-2960	(241) 254-3802	Jessica Martin	9852 Main Ln	Phoenix	TN	37413	ACC-992716	2003-09-19	Native Hawaiian or Other Pacific Islander	Employed	250000+	College	E82.7	R30.7	O36.0
456-17-7364	(788) 813-1645	Robert Davis	7930 Oak Ln	San Antonio	MN	58946	ACC-701425	1985-11-21	Black or African American	Employed	100001-250000	High School	O30.9	Y90.1	V76.9
724-70-8233	(402) 563-4430	Jane Robinson	4367 3rd Ln	Houston	UT	99695	ACC-296912	1991-02-24	Black or African American	Unemployed	None	Some College	F92.1	Z94.6	B37.4
407-29-9539	(208) 698-7364	Jane Miller	5823 Broadway Blvd	Chicago	TX	65295	ACC-197369	2000-08-28	Native Hawaiian or Other Pacific Islander	Employed	1-25000	High School	N29.7	P91.2	A9.6
578-88-4242	(306) 276-6038	Elizabeth Allen	2450 Main Rd	Houston	DE	58201	ACC-119562	1954-02-02	American Indian or Alaska Native	Employed	1-25000	Less than High School	N66.9	J92.4	N42.8
976-60-1192	(371) 811-7243	Thomas Miller	4039 Canyon Rd	Phoenix	UT	75755	ACC-930873	2005-06-14	Native Hawaiian or Other Pacific Islander	Not in the Labor Force	None	High School	U30.4	V33.9	X83.2
304-52-1886	(709) 991-9376	Charles Brown	7225 4th Rd	San Jose	UT	95531	ACC-576553	1971-06-09	American Indian or Alaska Native	Unemployed	None	Graduate or Professional School	W25.1	Q76.4	Q99.9
340-26-2933	(802) 892-1556	Chris Walker	3180 Main Rd	San Jose	MT	43000	ACC-815589	1983-09-01	Native Hawaiian or Other Pacific Islander	Unemployed	None	College	Q31.5	X22.6	S68.5
450-90-8949	(284) 559-1225	David Anderson	1014 3rd Ln	San Diego	HI	25777	ACC-588481	1965-06-01	Black or African American	Employed	50001-100000	Graduate or Professional School	R42.7	M27.2	G26.3
540-91-1085	(350) 784-9799	Jane Thomas	7078 Pine St	San Jose	ND	63443	ACC-136302	1966-09-10	Some Other Race	Unemployed	None	High School	Y20.1	H45.0	Y25.8
758-72-3496	(380) 277-1314	Matthew Williams	7113 5th Blvd	Dallas	CA	96070	ACC-478115	1992-01-22	White	Not in the Labor Force	None	Some College	D98.6	R8.4	I54.1
722-56-3465	(229) 530-8201	Charles Rodriguez	132 Main St	San Antonio	RI	38217	ACC-834246	1998-09-16	Asian	Not in the Labor Force	None	Some College	N77.7	B13.4	K66.8
612-98-8699	(826) 514-5967	Andrew Clark	8307 7th St	Phoenix	NY	50730	ACC-861807	1968-08-24	American Indian or Alaska Native	Employed	25001-50000	Some High School	H17.0	K13.6	X52.3
463-50-3238	(838) 455-2226	David Young	3727 2nd Ave	Dallas	MD	36566	ACC-248105	1959-08-24	Native Hawaiian or Other Pacific Islander	Unemployed	None	Some High School	G80.1	A1.8	O49.4
701-84-3932	(371) 321-9358	Sarah Davis	4381 Main Ln	New York	ID	16200	ACC-516154	1966-07-04	Black or African American	Not in the Labor Force	None	High School	J96.1	Q1.5	G72.4
992-48-4464	(479) 516-9023	Joshua Harris	635 Seaside Blvd	Houston	MS	41222	ACC-444223	1986-01-06	Some Other Race	Employed	25001-50000	College	Z77.3	D96.9	G78.5
419-43-9902	(443) 965-9962	Evelyn Hall	3017 Canyon Rd	Houston	LA	29974	ACC-440311	1989-05-31	Black or African American	Not in the Labor Force	None	Graduate or Professional School	T71.0	F10.4	Q35.9
635-53-1541	(896) 595-6667	David Hall	966 Elm Ln	Dallas	GA	93731	ACC-351017	1968-03-06	Native Hawaiian or Other Pacific Islander	Unemployed	None	College	P33.6	P52.3	K99.4
881-36-7995	(388) 862-7690	Jessica Johnson	9124 1st Ave	San Jose	KY	87752	ACC-742355	1964-09-13	Asian	Employed	250000+	Some High School	K7.3	A54.4	N64.8
914-89-1444	(205) 471-6443	Evelyn Smith	6565 Lexington Rd	San Diego	SD	36629	ACC-212279	1959-10-26	Asian	Employed	250000+	Graduate or Professional School	J72.7	R71.8	U14.1
318-92-2941	(413) 511-4342	Joseph Thomas	5930 2nd Rd	San Jose	WA	80096	ACC-974693	1985-09-26	Black or African American	Employed	100001-250000	College	T52.9	H51.9	X10.7
612-81-4574	(353) 544-5836	Sarah Lee	8148 Broadway St	San Jose	ID	40167	ACC-166496	1982-07-24	Asian	Employed	50001-100000	Some College	I64.2	F96.6	N57.8
619-45-5414	(744) 245-7916	Charles Harris	6443 7th Ave	San Jose	NC	91038	ACC-275528	2000-10-20	Black or African American	Employed	50001-100000	Some High School	E47.9	M25.0	O45.6
628-63-5627	(222) 538-5015	Joshua Hall	8314 Broadway St	Philadephia	TX	17953	ACC-610437	1989-04-06	Black or African American	Employed	100001-250000	Less than High School	T17.9	P82.5	Z36.2
953-20-9042	(800) 542-2332	Robert Clark	7478 4th Blvd	Phoenix	ME	41915	ACC-649282	1956-09-05	Some Other Race	Not in the Labor Force	None	Graduate or Professional School	U89.3	A98.9	N29.5
320-30-6930	(704) 996-6580	Daniel Lee	6033 Seaside Blvd	Seattle	NM	43379	ACC-442824	1986-07-01	Some Other Race	Unemployed	None	High School	U25.0	P58.4	F66.3
904-27-4475	(653) 723-7248	Ashley Anderson	8044 9th Ave	Seattle	MI	77245	ACC-136177	2002-12-18	Black or African American	Employed	25001-50000	Some College	W89.1	H76.7	H78.4
388-81-3452	(416) 317-3257	Sophia Wilson	5284 9th Ave	Phoenix	NH	95740	ACC-968678	1952-04-10	White	Unemployed	None	High School	U59.6	W92.3	G10.4
171-35-7510	(630) 677-9724	Mia Hall	7835 6th Blvd	San Jose	NY	79723	ACC-741766	1950-10-13	Native Hawaiian or Other Pacific Islander	Employed	250000+	Less than High School	H31.5	F32.7	Q94.9
637-29-2103	(387) 832-6902	Harper Young	4352 Lexington Rd	San Jose	SD	93508	ACC-675533	1998-03-17	Native Hawaiian or Other Pacific Islander	Employed	1-25000	College	H16.2	V17.3	Z2.7
814-79-9402	(566) 935-2223	Mia Lopez	2304 9th Blvd	San Jose	WV	31554	ACC-285780	1978-08-28	Native Hawaiian or Other Pacific Islander	Unemployed	None	Less than High School	N50.8	L19.2	X16.9
852-16-2370	(220) 712-9877	Ava Garcia	1091 Washington St	San Antonio	RI	46545	ACC-844490	1994-03-28	Some Other Race	Employed	100001-250000	Graduate or Professional School	Q65.7	G90.4	B94.0
583-92-8482	(498) 751-4963	Christopher Williams	2220 5th St	Philadephia	ID	20220	ACC-247628	1995-01-10	Declined to Identify	Employed	25001-50000	High School	U43.2	T58.1	H2.0
518-24-8656	(742) 824-2964	James Garcia	5281 Seaside Ln	Dallas	NY	38173	ACC-246993	1966-12-17	White	Not in the Labor Force	None	High School	H68.3	E69.0	E64.3
864-70-8370	(505) 445-5437	David Harris	494 6th Ln	Philadephia	HI	93053	ACC-362099	1995-08-21	Native Hawaiian or Other Pacific Islander	Unemployed	None	College	L76.3	R26.6	C35.2
697-68-3954	(878) 890-6111	Ella Brown	3942 7th Ln	Houston	AR	72709	ACC-764152	1968-01-07	Declined to Identify	Employed	1-25000	College	P36.9	Q95.9	E89.8
594-30-9769	(323) 993-7591	William Sanchez	7015 6th Ln	Dallas	NM	16500	ACC-523656	1980-10-08	Black or African American	Employed	50001-100000	High School	H68.1	B88.2	Z99.9
500-25-8322	(605) 673-7205	Ashley Young	9142 Oak Ave	New York	MN	27511	ACC-231340	2004-10-18	American Indian or Alaska Native	Employed	1-25000	Some High School	K38.4	S37.5	L31.7
906-30-1288	(353) 508-3896	Chloe Jackson	7851 3rd Ln	San Diego	NH	63867	ACC-689746	1975-10-07	Black or African American	Employed	100001-250000	Graduate or Professional School	D65.6	Z14.9	K74.5
813-18-7530	(434) 707-1911	Sarah Martin	9965 6th Blvd	Philadephia	MI	27878	ACC-526965	1967-03-03	Some Other Race	Not in the Labor Force	None	Some College	J34.7	E38.5	O57.5
802-55-4993	(838) 810-8895	Chris Lee	7265 Lexington Blvd	Los Angeles	ME	49895	ACC-469453	1960-12-27	Black or African American	Employed	25001-50000	High School	A6.2	M28.1	N10.7
759-51-8387	(238) 431-9020	Chris Rodriguez	8008 7th St	Seattle	ID	24812	ACC-953293	2005-12-14	Some Other Race	Employed	1-25000	Some College	E41.1	H57.8	D66.5
769-89-6930	(648) 633-1468	Sophia Brown	7711 Seaside Rd	San Antonio	MN	28714	ACC-562329	1991-04-10	Black or African American	Employed	100001-250000	High School	T22.4	W89.2	O86.2
513-81-3273	(759) 620-3473	Evelyn Allen	1723 Mesa Ln	San Antonio	GA	40182	ACC-102991	2001-07-26	Some Other Race	Employed	25001-50000	Graduate or Professional School	R55.7	U65.5	N97.0
266-62-5382	(449) 511-3553	Robert Lopez	3847 Mesa Blvd	Los Angeles	MS	11034	ACC-802375	1971-04-05	American Indian or Alaska Native	Employed	50001-100000	College	V26.2	U89.1	Z10.6
105-15-2414	(518) 225-5307	Charles Garcia	549 5th St	Philadephia	CO	82410	ACC-738750	1985-04-27	American Indian or Alaska Native	Employed	50001-100000	College	H12.7	R13.7	D85.2
978-10-4890	(741) 217-1263	Abigail Davis	1824 2nd Blvd	Philadephia	RI	55126	ACC-494908	1974-11-13	Asian	Unemployed	None	Some High School	Z34.1	V87.0	Z60.3
341-56-9762	(881) 546-5499	Matthew Allen	8372 9th St	New York	FL	56130	ACC-439032	1988-09-08	Asian	Employed	50001-100000	College	X26.7	L76.8	D26.7
959-58-7596	(718) 409-3536	Joshua Anderson	8003 8th St	New York	ID	95029	ACC-558335	2001-12-02	Native Hawaiian or Other Pacific Islander	Employed	250000+	Less than High School	T84.4	S3.1	L28.0
978-62-6429	(897) 251-2151	Emily Wilson	6290 1st Ave	Dallas	OH	82076	ACC-841560	1979-09-02	Some Other Race	Employed	25001-50000	Graduate or Professional School	I27.8	G23.7	P28.4
303-77-7424	(798) 791-4422	Daniel Jones	5134 Canyon Rd	San Diego	OH	58469	ACC-549507	1974-03-20	American Indian or Alaska Native	Unemployed	None	Some College	J45.4	M74.2	I74.2
161-90-5592	(756) 479-5981	Thomas Harris	156 4th St	Dallas	MI	69164	ACC-472045	1963-07-24	White	Unemployed	None	Some High School	V19.1	Y46.0	N73.2
197-76-4831	(480) 850-2779	Evelyn Garcia	5744 7th Rd	New York	SC	83464	ACC-486185	1992-09-07	Black or African American	Employed	250000+	Less than High School	U12.3	W18.6	R90.7
697-84-4588	(866) 746-8067	Matthew Lopez	7376 3rd Blvd	Dallas	NC	20507	ACC-204083	1994-01-06	Declined to Identify	Not in the Labor Force	None	Some College	U26.6	U0.9	P79.2
902-63-7241	(441) 627-8836	Michael Allen	6702 Washington St	San Antonio	WI	25297	ACC-140279	1979-11-13	American Indian or Alaska Native	Employed	25001-50000	Less than High School	P3.6	Q45.5	F57.9
498-80-2750	(432) 659-9430	Emily White	7493 Broadway St	San Diego	GA	42664	ACC-595632	1952-07-26	White	Employed	100001-250000	High School	N46.3	R24.0	S57.8
576-59-6960	(743) 589-2720	Daniel Perez	6659 3rd Ave	Dallas	MS	74992	ACC-618797	1995-06-04	Declined to Identify	Not in the Labor Force	None	Some College	I31.1	R34.8	W45.6
470-20-2252	(926) 547-4500	Sarah Smith	4790 Oak Blvd	Seattle	OH	37648	ACC-814989	1964-10-17	Some Other Race	Not in the Labor Force	None	Graduate or Professional School	Y57.0	L8.3	R68.7
488-32-9823	(492) 906-8169	Ashley Walker	3021 3rd Blvd	San Jose	ME	22664	ACC-497656	1961-01-25	American Indian or Alaska Native	Employed	250000+	Some High School	E73.8	L90.9	B86.0
369-82-9754	(401) 781-9561	James Davis	1563 2nd Ln	Philadephia	CT	60306	ACC-304877	1966-08-19	Asian	Unemployed	None	College	S93.3	C51.3	J30.0
125-99-4702	(679) 371-8655	William Wright	2746 6th Ln	Dallas	WA	69202	ACC-939790	1961-05-27	Some Other Race	Unemployed	None	Graduate or Professional School	L65.6	H62.9	E73.2
